{
  "CreateUniqueUserID": {
    "method": "POST",
    "body_example": {
      "FirstName": "John",
      "LastName": "Doe",
      "Domain": "contoso.com"
    }
  },
  "CreateUser": {
    "method": "POST",
    "body_example": {
      "UPN": "john.doe@contoso.com",
      "DisplayName": "John Doe",
      "GivenName": "John",
      "Surname": "Doe"
    }
  },
  "CheckAndAssignLicense": {
    "method": "POST",
    "body_example": {
      "UPN": "john.doe@contoso.com",
      "SkuSearch": "BUSINESS_BASIC"
    }
  },
  "CreateOrEnsureGroup": {
    "method": "POST",
    "body_example": {
      "GroupName": "Accounts Team 1"
    }
  },
  "AddGroupMembers": {
    "method": "POST",
    "body_example": {
      "GroupId": "<groupId>",
      "MemberUPNs": [
        "will@contoso.com",
        "chai@contoso.com"
      ]
    }
  },
  "AssignSendAs": {
    "method": "POST",
    "body_example": {
      "MailboxUPN": "john.doe@contoso.com",
      "GroupIdentifier": "Accounts Team 1"
    }
  }
}